{"train/loss": 1.3112, "train/grad_norm": 1.3509365320205688, "train/learning_rate": 1.996390868898313e-05, "train/epoch": 0.01, "train/global_step": 100, "_timestamp": 1712520874.6865807, "_runtime": 112.74676656723022, "_step": 0}