{"train/loss": 0.1994, "train/grad_norm": 0.5297050476074219, "train/learning_rate": 5.413696652530904e-09, "train/epoch": 5.0, "train/global_step": 55415, "_timestamp": 1712608597.7726922, "_runtime": 87414.08993721008, "_step": 560, "eval/loss": 0.2317153811454773, "eval/rouge1_fmeasure": 0.4445, "eval/rouge2_fmeasure": 0.2057, "eval/rougeL_fmeasure": 0.317, "eval/rougeLsum_fmeasure": 0.3583, "eval/gen_len": 117.0914, "eval/runtime": 4890.5137, "eval/samples_per_second": 2.045, "eval/steps_per_second": 0.256, "train_runtime": 82519.5697, "train_samples_per_second": 10.744, "train_steps_per_second": 0.672, "total_flos": 1.921387446801531e+18, "train_loss": 0.22894958015771633, "_wandb": {"runtime": 87413}}